Category,Word
Data Science,data
Data Science,year
Data Science,learning
Data Science,python
Data Science,exprience
Data Science,months
Data Science,science
Data Science,machine
Data Science,analytics
Data Science,âª
Data Science,details
Data Science,analysis
Data Science,deep
Data Science,tableau
Data Science,visualization
Data Science,matlab
Data Science,matelabs
Data Science,business
Data Science,algorithms
Data Science,using
HR,hr
HR,dbms
HR,mba
HR,dynamics
HR,details
HR,exprience
HR,kerala
HR,accounting
HR,management
HR,finance
HR,ax
HR,months
HR,payroll
HR,school
HR,engineering
HR,computer
HR,january
HR,skills
HR,statutory
HR,june
Advocate,law
Advocate,legal
Advocate,advocate
Advocate,court
Advocate,llb
Advocate,courts
Advocate,district
Advocate,criminal
Advocate,matters
Advocate,chennai
Advocate,solapur
Advocate,drafting
Advocate,details
Advocate,university
Advocate,january
Advocate,tax
Advocate,year
Advocate,practice
Advocate,exprience
Advocate,paper
Arts,arts
Arts,karate
Arts,days
Arts,painting
Arts,total
Arts,drawing
Arts,maharashtra
Arts,championship
Arts,workshop
Arts,asstprofessor
Arts,teacher
Arts,ghatkopar
Arts,ymca
Arts,state
Arts,craft
Arts,commerce
Arts,nagpur
Arts,details
Arts,college
Arts,january
Web Designing,web
Web Designing,bootstrap
Web Designing,application
Web Designing,allahabad
Web Designing,ui
Web Designing,photoshop
Web Designing,project
Web Designing,css
Web Designing,developed
Web Designing,responsibility
Web Designing,roles
Web Designing,graphics
Web Designing,loan
Web Designing,designed
Web Designing,designer
Web Designing,trust
Web Designing,jquery
Web Designing,salary
Web Designing,used
Web Designing,php
Mechanical Engineer,mechanical
Mechanical Engineer,engineering
Mechanical Engineer,plastering
Mechanical Engineer,machine
Mechanical Engineer,president
Mechanical Engineer,design
Mechanical Engineer,students
Mechanical Engineer,association
Mechanical Engineer,wave
Mechanical Engineer,conducted
Mechanical Engineer,cnc
Mechanical Engineer,automated
Mechanical Engineer,training
Mechanical Engineer,mit
Mechanical Engineer,mesa
Mechanical Engineer,cad
Mechanical Engineer,industry
Mechanical Engineer,industrial
Mechanical Engineer,days
Mechanical Engineer,engineer
Sales,sales
Sales,manager
Sales,marketing
Sales,leads
Sales,exprience
Sales,cricket
Sales,honda
Sales,dealership
Sales,office
Sales,bajaj
Sales,calling
Sales,ms
Sales,months
Sales,year
Sales,month
Sales,cold
Sales,team
Sales,details
Sales,targets
Sales,work
Health and fitness,fitness
Health and fitness,nutrition
Health and fitness,gym
Health and fitness,health
Health and fitness,columbia
Health and fitness,science
Health and fitness,company
Health and fitness,january
Health and fitness,hotel
Health and fitness,trainer
Health and fitness,golds
Health and fitness,goqii
Health and fitness,details
Health and fitness,college
Health and fitness,sales
Health and fitness,skills
Health and fitness,nutritionist
Health and fitness,spa
Health and fitness,description
Health and fitness,club
Civil Engineer,civil
Civil Engineer,site
Civil Engineer,engineer
Civil Engineer,construction
Civil Engineer,project
Civil Engineer,autocad
Civil Engineer,subcontractors
Civil Engineer,qaqc
Civil Engineer,inspection
Civil Engineer,company
Civil Engineer,al
Civil Engineer,villas
Civil Engineer,material
Civil Engineer,description
Civil Engineer,drawings
Civil Engineer,mumbai
Civil Engineer,engineering
Civil Engineer,details
Civil Engineer,maharashtra
Civil Engineer,work
Java Developer,java
Java Developer,developer
Java Developer,exprience
Java Developer,months
Java Developer,ajax
Java Developer,jsp
Java Developer,spring
Java Developer,jee
Java Developer,hibernate
Java Developer,year
Java Developer,servlet
Java Developer,technologies
Java Developer,details
Java Developer,amravati
Java Developer,json
Java Developer,maharashtra
Java Developer,jquery
Java Developer,javascript
Java Developer,mysql
Java Developer,pvt
Business Analyst,cash
Business Analyst,analyst
Business Analyst,business
Business Analyst,report
Business Analyst,maintain
Business Analyst,january
Business Analyst,mumbai
Business Analyst,excel
Business Analyst,requirement
Business Analyst,test
Business Analyst,functional
Business Analyst,risk
Business Analyst,mis
Business Analyst,management
Business Analyst,mms
Business Analyst,prepare
Business Analyst,proposal
Business Analyst,team
Business Analyst,exprience
Business Analyst,analysis
SAP Developer,sap
SAP Developer,hana
SAP Developer,abap
SAP Developer,bo
SAP Developer,bods
SAP Developer,project
SAP Developer,experience
SAP Developer,reports
SAP Developer,mumbai
SAP Developer,application
SAP Developer,issues
SAP Developer,using
SAP Developer,major
SAP Developer,developer
SAP Developer,consultant
SAP Developer,data
SAP Developer,exposure
SAP Developer,maharashtra
SAP Developer,support
SAP Developer,details
Automation Testing,test
Automation Testing,testing
Automation Testing,automation
Automation Testing,qtp
Automation Testing,selenium
Automation Testing,good
Automation Testing,box
Automation Testing,manual
Automation Testing,integration
Automation Testing,excellent
Automation Testing,tester
Automation Testing,black
Automation Testing,knowledge
Automation Testing,resume
Automation Testing,regression
Automation Testing,cases
Automation Testing,project
Automation Testing,functional
Automation Testing,software
Automation Testing,involved
Electrical Engineering,electrical
Electrical Engineering,maintenance
Electrical Engineering,power
Electrical Engineering,weeks
Electrical Engineering,engineering
Electrical Engineering,fighting
Electrical Engineering,plant
Electrical Engineering,bhopal
Electrical Engineering,solar
Electrical Engineering,panels
Electrical Engineering,layout
Electrical Engineering,distribution
Electrical Engineering,operation
Electrical Engineering,matric
Electrical Engineering,cable
Electrical Engineering,safety
Electrical Engineering,control
Electrical Engineering,course
Electrical Engineering,equipment
Electrical Engineering,installation
Operations Manager,operations
Operations Manager,prepaid
Operations Manager,ensuring
Operations Manager,contributions
Operations Manager,cards
Operations Manager,services
Operations Manager,customer
Operations Manager,managing
Operations Manager,key
Operations Manager,members
Operations Manager,team
Operations Manager,payment
Operations Manager,zaggle
Operations Manager,inr
Operations Manager,adherence
Operations Manager,efficiency
Operations Manager,sla
Operations Manager,procedures
Operations Manager,emails
Operations Manager,pr
Python Developer,python
Python Developer,pune
Python Developer,exprience
Python Developer,developer
Python Developer,completed
Python Developer,months
Python Developer,organisation
Python Developer,june
Python Developer,computer
Python Developer,maharashtra
Python Developer,details
Python Developer,django
Python Developer,mysql
Python Developer,science
Python Developer,training
Python Developer,savitribai
Python Developer,phule
Python Developer,rest
Python Developer,internal
Python Developer,movexm
DevOps Engineer,devops
DevOps Engineer,months
DevOps Engineer,exprience
DevOps Engineer,shell
DevOps Engineer,project
DevOps Engineer,servers
DevOps Engineer,build
DevOps Engineer,year
DevOps Engineer,scripts
DevOps Engineer,automation
DevOps Engineer,cloud
DevOps Engineer,mysql
DevOps Engineer,team
DevOps Engineer,applications
DevOps Engineer,ecommerce
DevOps Engineer,nendrasys
DevOps Engineer,users
DevOps Engineer,aws
DevOps Engineer,size
DevOps Engineer,deployment
Network Security Engineer,cisco
Network Security Engineer,network
Network Security Engineer,security
Network Security Engineer,configuration
Network Security Engineer,firewall
Network Security Engineer,ãâ
Network Security Engineer,firewalls
Network Security Engineer,exprience
Network Security Engineer,months
Network Security Engineer,year
Network Security Engineer,asa
Network Security Engineer,switches
Network Security Engineer,troubleshoot
Network Security Engineer,devices
Network Security Engineer,checkpoint
Network Security Engineer,infra
Network Security Engineer,routers
Network Security Engineer,vpn
Network Security Engineer,lan
Network Security Engineer,routing
PMO,ãâ
PMO,management
PMO,project
PMO,report
PMO,business
PMO,documentation
PMO,responsible
PMO,pmo
PMO,senior
PMO,training
PMO,operations
PMO,processes
PMO,delhi
PMO,sla
PMO,managers
PMO,reporting
PMO,ability
PMO,resource
PMO,process
PMO,risk
Database,database
Database,oracle
Database,server
Database,sql
Database,databases
Database,servers
Database,backup
Database,installation
Database,rman
Database,ââ
Database,log
Database,administrator
Database,backups
Database,issues
Database,recovery
Database,using
Database,data
Database,tablespaces
Database,monitoring
Database,exprience
Hadoop,hadoop
Hadoop,hive
Hadoop,data
Hadoop,hdfs
Hadoop,sqoop
Hadoop,cluster
Hadoop,mapreduce
Hadoop,spark
Hadoop,using
Hadoop,pig
Hadoop,map
Hadoop,scala
Hadoop,hbase
Hadoop,involved
Hadoop,developer
Hadoop,reduce
Hadoop,tables
Hadoop,queries
Hadoop,cloudera
Hadoop,project
ETL Developer,etl
ETL Developer,informatica
ETL Developer,data
ETL Developer,talend
ETL Developer,sql
ETL Developer,unix
ETL Developer,knowledgeyes
ETL Developer,developer
ETL Developer,feeds
ETL Developer,mappings
ETL Developer,warehouse
ETL Developer,using
ETL Developer,assurant
ETL Developer,unit
ETL Developer,reconciliation
ETL Developer,mumbai
ETL Developer,testing
ETL Developer,facets
ETL Developer,exprience
ETL Developer,source
DotNet Developer,net
DotNet Developer,dot
DotNet Developer,pune
DotNet Developer,aspnet
DotNet Developer,exprience
DotNet Developer,developer
DotNet Developer,sql
DotNet Developer,mvc
DotNet Developer,months
DotNet Developer,server
DotNet Developer,asp
DotNet Developer,application
DotNet Developer,cnet
DotNet Developer,visual
DotNet Developer,details
DotNet Developer,jquery
DotNet Developer,maharashtra
DotNet Developer,web
DotNet Developer,year
DotNet Developer,studio
Blockchain,blockchain
Blockchain,ethereum
Blockchain,smart
Blockchain,exprience
Blockchain,technology
Blockchain,january
Blockchain,months
Blockchain,company
Blockchain,description
Blockchain,contracts
Blockchain,nashik
Blockchain,computer
Blockchain,corpcloud
Blockchain,iit
Blockchain,xinfin
Blockchain,parson
Blockchain,apex
Blockchain,class
Blockchain,crm
Blockchain,solidity
Testing,testing
Testing,test
Testing,engineer
Testing,android
Testing,transformer
Testing,details
Testing,quality
Testing,windows
Testing,check
Testing,pcb
Testing,months
Testing,exprience
Testing,electronics
Testing,january
Testing,electrical
Testing,maharashtra
Testing,project
Testing,assembly
Testing,resistance
Testing,complaint
